condition,seed,variant,returned,accepted,strict_correct,high_precision_correct,rotation_error_deg,translation_error_deg,num_inliers,decoupled_applied,decoupled_reason,rotation_consensus_ratio,translation_pool_size,translation_consensus_size,translation_score_margin,runtime_ms
well-conditioned,1410000,count-first,True,True,True,True,0.00963835775588612,0.05446857881833784,72,False,not-requested,nan,0,0,nan,3213.248584
well-conditioned,1410000,msac-first,True,True,True,True,0.011991814348701547,0.11888927013556484,72,False,not-requested,nan,0,0,nan,2345.312458
well-conditioned,1410000,decoupled-unguarded,True,True,True,True,0.00963835775588612,0.05446857881833784,72,False,rotation-model-inapplicable,0.0375,0,0,0.0,983.111084
well-conditioned,1410000,decoupled-guarded,True,True,True,True,0.00963835775588612,0.05446857881833784,72,False,rotation-model-inapplicable,0.0375,0,0,0.0,985.251375
well-conditioned,1410001,count-first,True,True,True,True,0.006604777149030151,0.022361442271810635,72,False,not-requested,nan,0,0,nan,896.880125
well-conditioned,1410001,msac-first,True,True,True,True,0.006604777149030151,0.022361442271810635,72,False,not-requested,nan,0,0,nan,877.354542
well-conditioned,1410001,decoupled-unguarded,True,True,True,True,0.006604777149030151,0.022361442271810635,72,False,rotation-model-inapplicable,0.0375,0,0,0.0,1035.986792
well-conditioned,1410001,decoupled-guarded,True,True,True,True,0.006604777149030151,0.022361442271810635,72,False,rotation-model-inapplicable,0.0375,0,0,0.0,840.573667
well-conditioned,1410002,count-first,True,True,True,True,0.05796883393706408,0.15581597867897923,73,False,not-requested,nan,0,0,nan,861.722625
well-conditioned,1410002,msac-first,True,True,True,True,0.01575454002532073,0.029339675391717227,72,False,not-requested,nan,0,0,nan,886.339
well-conditioned,1410002,decoupled-unguarded,True,True,True,True,0.05796883393706408,0.15581597867897923,73,False,rotation-model-inapplicable,0.05,0,0,0.0,5394.305417
well-conditioned,1410002,decoupled-guarded,True,True,True,True,0.05796883393706408,0.15581597867897923,73,False,rotation-model-inapplicable,0.05,0,0,0.0,5455.920042
well-conditioned,1410003,count-first,True,True,True,True,0.012346884146057684,0.07115799501187137,72,False,not-requested,nan,0,0,nan,7233.686667
well-conditioned,1410003,msac-first,True,True,True,True,0.012346884146057684,0.07115799501187137,72,False,not-requested,nan,0,0,nan,4381.7845
well-conditioned,1410003,decoupled-unguarded,True,True,True,True,0.012346884146057684,0.07115799501187137,72,False,rotation-model-inapplicable,0.0375,0,0,0.0,3478.2165
well-conditioned,1410003,decoupled-guarded,True,True,True,True,0.012346884146057684,0.07115799501187137,72,False,rotation-model-inapplicable,0.0375,0,0,0.0,3669.193458
well-conditioned,1410004,count-first,True,True,True,True,0.015121941736701285,0.01274070815997746,72,False,not-requested,nan,0,0,nan,2129.676417
well-conditioned,1410004,msac-first,True,True,True,True,0.015121941736701285,0.01274070815997746,72,False,not-requested,nan,0,0,nan,1932.611583
well-conditioned,1410004,decoupled-unguarded,True,True,True,True,0.015121941736701285,0.01274070815997746,72,False,rotation-model-inapplicable,0.05,0,0,0.0,994.725167
well-conditioned,1410004,decoupled-guarded,True,True,True,True,0.015121941736701285,0.01274070815997746,72,False,rotation-model-inapplicable,0.05,0,0,0.0,909.706416
well-conditioned,1410005,count-first,True,True,True,True,0.007271789982619847,0.0543045805587181,72,False,not-requested,nan,0,0,nan,1050.26075
well-conditioned,1410005,msac-first,True,True,True,True,0.007271789982619847,0.0543045805587181,72,False,not-requested,nan,0,0,nan,770.552375
well-conditioned,1410005,decoupled-unguarded,True,True,True,True,0.007271789982619847,0.0543045805587181,72,False,rotation-model-inapplicable,0.0375,0,0,0.0,752.897792
well-conditioned,1410005,decoupled-guarded,True,True,True,True,0.007271789982619847,0.0543045805587181,72,False,rotation-model-inapplicable,0.0375,0,0,0.0,951.228958
well-conditioned,1410006,count-first,True,True,True,True,0.01245689030921676,0.050912583882886546,72,False,not-requested,nan,0,0,nan,9251.883458
well-conditioned,1410006,msac-first,True,True,True,True,0.01245689030921676,0.050912583882886546,72,False,not-requested,nan,0,0,nan,8069.312333
well-conditioned,1410006,decoupled-unguarded,True,True,True,True,0.01245689030921676,0.050912583882886546,72,False,rotation-model-inapplicable,0.0625,0,0,0.0,5343.155291
well-conditioned,1410006,decoupled-guarded,True,True,True,True,0.01245689030921676,0.050912583882886546,72,False,rotation-model-inapplicable,0.0625,0,0,0.0,4123.390875
well-conditioned,1410007,count-first,True,True,True,True,0.009937872297247238,0.04538247587129005,72,False,not-requested,nan,0,0,nan,4148.226708
well-conditioned,1410007,msac-first,True,True,True,True,0.009937872297247238,0.04538247587129005,72,False,not-requested,nan,0,0,nan,1970.132292
well-conditioned,1410007,decoupled-unguarded,True,True,True,True,0.009937872297247238,0.04538247587129005,72,False,rotation-model-inapplicable,0.025,0,0,0.0,1187.646875
well-conditioned,1410007,decoupled-guarded,True,True,True,True,0.009937872297247238,0.04538247587129005,72,False,rotation-model-inapplicable,0.025,0,0,0.0,1091.277875
well-conditioned,1410008,count-first,True,True,True,True,0.025038347067221783,0.02719641686591539,72,False,not-requested,nan,0,0,nan,991.184708
well-conditioned,1410008,msac-first,True,True,True,True,0.025038347067221783,0.02719641686591539,72,False,not-requested,nan,0,0,nan,685.326416
well-conditioned,1410008,decoupled-unguarded,True,True,True,True,0.025038347067221783,0.02719641686591539,72,False,rotation-model-inapplicable,0.05,0,0,0.0,821.326584
well-conditioned,1410008,decoupled-guarded,True,True,True,True,0.025038347067221783,0.02719641686591539,72,False,rotation-model-inapplicable,0.05,0,0,0.0,1030.836459
well-conditioned,1410009,count-first,True,True,True,True,0.011911834696729049,0.02239331859001918,72,False,not-requested,nan,0,0,nan,1067.835208
well-conditioned,1410009,msac-first,True,True,True,True,0.011911834696729049,0.02239331859001918,72,False,not-requested,nan,0,0,nan,757.006958
well-conditioned,1410009,decoupled-unguarded,True,True,True,True,0.011911834696729049,0.02239331859001918,72,False,rotation-model-inapplicable,0.0625,0,0,0.0,816.37175
well-conditioned,1410009,decoupled-guarded,True,True,True,True,0.011911834696729049,0.02239331859001918,72,False,rotation-model-inapplicable,0.0625,0,0,0.0,6431.413083
well-conditioned,1410010,count-first,True,True,True,True,0.022555628597690763,0.07432334578488123,72,False,not-requested,nan,0,0,nan,7656.85375
well-conditioned,1410010,msac-first,True,True,True,True,0.022555628597690763,0.07432334578488123,72,False,not-requested,nan,0,0,nan,6880.217917
well-conditioned,1410010,decoupled-unguarded,True,True,True,True,0.022555628597690763,0.07432334578488123,72,False,rotation-model-inapplicable,0.025,0,0,0.0,4545.304667
well-conditioned,1410010,decoupled-guarded,True,True,True,True,0.022555628597690763,0.07432334578488123,72,False,rotation-model-inapplicable,0.025,0,0,0.0,3784.496167
well-conditioned,1410011,count-first,True,True,True,True,0.009056278148776924,0.03255889447572081,72,False,not-requested,nan,0,0,nan,2239.903792
well-conditioned,1410011,msac-first,True,True,True,True,0.009056278148776924,0.03255889447572081,72,False,not-requested,nan,0,0,nan,999.462333
well-conditioned,1410011,decoupled-unguarded,True,True,True,True,0.009056278148776924,0.03255889447572081,72,False,rotation-model-inapplicable,0.05,0,0,0.0,938.316042
well-conditioned,1410011,decoupled-guarded,True,True,True,True,0.009056278148776924,0.03255889447572081,72,False,rotation-model-inapplicable,0.05,0,0,0.0,737.917166
well-conditioned,1410012,count-first,True,True,True,True,0.0045993655633155585,0.030920669527157416,72,False,not-requested,nan,0,0,nan,768.293833
well-conditioned,1410012,msac-first,True,True,True,True,0.0045993655633155585,0.030920669527157416,72,False,not-requested,nan,0,0,nan,671.542333
well-conditioned,1410012,decoupled-unguarded,True,True,True,True,0.0045993655633155585,0.030920669527157416,72,False,rotation-model-inapplicable,0.05,0,0,0.0,941.355083
well-conditioned,1410012,decoupled-guarded,True,True,True,True,0.0045993655633155585,0.030920669527157416,72,False,rotation-model-inapplicable,0.05,0,0,0.0,845.3525
well-conditioned,1410013,count-first,True,True,True,True,0.014212438736331113,0.04462851196319794,72,False,not-requested,nan,0,0,nan,737.61425
well-conditioned,1410013,msac-first,True,True,True,True,0.014212438736331113,0.04462851196319794,72,False,not-requested,nan,0,0,nan,930.971042
well-conditioned,1410013,decoupled-unguarded,True,True,True,True,0.014212438736331113,0.04462851196319794,72,False,rotation-model-inapplicable,0.05,0,0,0.0,955.351083
well-conditioned,1410013,decoupled-guarded,True,True,True,True,0.014212438736331113,0.04462851196319794,72,False,rotation-model-inapplicable,0.05,0,0,0.0,5775.279584
well-conditioned,1410014,count-first,True,True,True,True,0.010020013233392026,0.018969501903343806,72,False,not-requested,nan,0,0,nan,7198.191042
well-conditioned,1410014,msac-first,True,True,True,True,0.009418481063819893,0.01821263045846609,72,False,not-requested,nan,0,0,nan,5814.040209
well-conditioned,1410014,decoupled-unguarded,True,True,True,True,0.010020013233392026,0.018969501903343806,72,False,rotation-model-inapplicable,0.0625,0,0,0.0,4335.414459
well-conditioned,1410014,decoupled-guarded,True,True,True,True,0.010020013233392026,0.018969501903343806,72,False,rotation-model-inapplicable,0.0625,0,0,0.0,3528.172917
well-conditioned,1410015,count-first,True,True,True,True,0.0056663739348438045,0.029843229957658212,72,False,not-requested,nan,0,0,nan,4113.002458
well-conditioned,1410015,msac-first,True,True,True,True,0.0056663739348438045,0.029843229957658212,72,False,not-requested,nan,0,0,nan,1676.848541
well-conditioned,1410015,decoupled-unguarded,True,True,True,True,0.0056663739348438045,0.029843229957658212,72,False,rotation-model-inapplicable,0.025,0,0,0.0,927.641542
well-conditioned,1410015,decoupled-guarded,True,True,True,True,0.0056663739348438045,0.029843229957658212,72,False,rotation-model-inapplicable,0.025,0,0,0.0,844.301042
well-conditioned,1410016,count-first,True,True,True,True,0.011620315895181671,0.026555715836921148,72,False,not-requested,nan,0,0,nan,909.639792
well-conditioned,1410016,msac-first,True,True,True,True,0.011620315895181671,0.026555715836921148,72,False,not-requested,nan,0,0,nan,782.402375
well-conditioned,1410016,decoupled-unguarded,True,True,True,True,0.011620315895181671,0.026555715836921148,72,False,rotation-model-inapplicable,0.0625,0,0,0.0,830.63875
well-conditioned,1410016,decoupled-guarded,True,True,True,True,0.011620315895181671,0.026555715836921148,72,False,rotation-model-inapplicable,0.0625,0,0,0.0,1082.826292
well-conditioned,1410017,count-first,True,True,True,True,0.011351561808490916,0.014479285925185804,72,False,not-requested,nan,0,0,nan,876.003584
well-conditioned,1410017,msac-first,True,True,True,True,0.011351561808490916,0.014479285925185804,72,False,not-requested,nan,0,0,nan,817.267542
well-conditioned,1410017,decoupled-unguarded,True,True,True,True,0.011351561808490916,0.014479285925185804,72,False,rotation-model-inapplicable,0.0375,0,0,0.0,727.600416
well-conditioned,1410017,decoupled-guarded,True,True,True,True,0.011351561808490916,0.014479285925185804,72,False,rotation-model-inapplicable,0.0375,0,0,0.0,687.2075
well-conditioned,1410018,count-first,True,True,True,True,0.010138840406828132,0.06778610754169297,72,False,not-requested,nan,0,0,nan,4881.986584
well-conditioned,1410018,msac-first,True,True,True,True,0.010138840406828132,0.06778610754169297,72,False,not-requested,nan,0,0,nan,6940.753333
well-conditioned,1410018,decoupled-unguarded,True,True,True,True,0.010138840406828132,0.06778610754169297,72,False,rotation-model-inapplicable,0.025,0,0,0.0,7213.052084
well-conditioned,1410018,decoupled-guarded,True,True,True,True,0.010138840406828132,0.06778610754169297,72,False,rotation-model-inapplicable,0.025,0,0,0.0,4867.090208
well-conditioned,1410019,count-first,True,True,True,False,0.11054394064249548,0.3103508015455573,73,False,not-requested,nan,0,0,nan,2855.985459
well-conditioned,1410019,msac-first,True,True,True,True,0.02293688541749254,0.03068058880013881,72,False,not-requested,nan,0,0,nan,3191.241333
well-conditioned,1410019,decoupled-unguarded,True,True,True,False,0.11054394064249548,0.3103508015455573,73,False,rotation-model-inapplicable,0.05,0,0,0.0,2448.3015
well-conditioned,1410019,decoupled-guarded,True,True,True,False,0.11054394064249548,0.3103508015455573,73,False,rotation-model-inapplicable,0.05,0,0,0.0,1904.258208
sub-meter-mixed-depth,1420000,count-first,True,True,True,True,0.014279391096081144,0.13130234397693405,128,False,not-requested,nan,0,0,nan,977.221834
sub-meter-mixed-depth,1420000,msac-first,True,True,True,True,0.029304431012226,0.0826317952887097,128,False,not-requested,nan,0,0,nan,712.296916
sub-meter-mixed-depth,1420000,decoupled-unguarded,True,True,True,True,0.006242040085742504,0.12885919490454636,129,True,applied,0.8214285714285714,25,18,0.6677064994852321,816.538
sub-meter-mixed-depth,1420000,decoupled-guarded,True,True,True,True,0.006242040085742504,0.12885919490454636,129,True,applied,0.8214285714285714,25,18,0.6677064994852321,794.407334
sub-meter-mixed-depth,1420001,count-first,True,True,True,True,0.02111937191574837,0.25581592640974105,128,False,not-requested,nan,0,0,nan,887.77925
sub-meter-mixed-depth,1420001,msac-first,True,True,True,True,0.01245186907841575,0.031035360329113946,127,False,not-requested,nan,0,0,nan,854.851459
sub-meter-mixed-depth,1420001,decoupled-unguarded,True,True,True,True,0.019080859083234657,0.05358135774937026,128,True,applied,0.8214285714285714,25,18,0.6438386671193481,804.104875
sub-meter-mixed-depth,1420001,decoupled-guarded,True,True,True,True,0.019080859083234657,0.05358135774937026,128,True,applied,0.8214285714285714,25,18,0.6438386671193481,2337.29175
sub-meter-mixed-depth,1420002,count-first,True,True,True,True,0.013445617101889918,0.1746686028114942,131,False,not-requested,nan,0,0,nan,8543.069208
sub-meter-mixed-depth,1420002,msac-first,True,True,True,True,0.009734091605001995,0.21272917152646972,130,False,not-requested,nan,0,0,nan,9854.926334
sub-meter-mixed-depth,1420002,decoupled-unguarded,True,True,True,True,0.02494499471283489,0.2247017214455295,129,True,applied,0.8214285714285714,25,18,0.7145453504091717,5151.446542
sub-meter-mixed-depth,1420002,decoupled-guarded,True,True,True,True,0.02494499471283489,0.2247017214455295,129,True,applied,0.8214285714285714,25,18,0.7145453504091717,3873.351208
sub-meter-mixed-depth,1420003,count-first,True,True,True,True,0.014885370286620058,0.4587595548568881,130,False,not-requested,nan,0,0,nan,2799.456541
sub-meter-mixed-depth,1420003,msac-first,True,True,True,True,0.014885370286620058,0.4587595548568881,130,False,not-requested,nan,0,0,nan,1310.683667
sub-meter-mixed-depth,1420003,decoupled-unguarded,True,True,True,True,0.026801207806891034,0.4885528625237233,130,True,applied,0.8285714285714286,24,18,0.7451281764994581,1047.330416
sub-meter-mixed-depth,1420003,decoupled-guarded,True,True,True,True,0.026801207806891034,0.4885528625237233,130,True,applied,0.8285714285714286,24,18,0.7451281764994581,772.709042
sub-meter-mixed-depth,1420004,count-first,True,True,True,True,0.030348086200676812,0.5705451837912312,129,False,not-requested,nan,0,0,nan,739.183041
sub-meter-mixed-depth,1420004,msac-first,True,True,True,True,0.015471661150446745,0.3251792282546241,128,False,not-requested,nan,0,0,nan,783.696042
sub-meter-mixed-depth,1420004,decoupled-unguarded,True,True,True,True,0.024984449521217846,0.04701194020001441,127,True,applied,0.8285714285714286,24,17,0.6544908525765821,895.357167
sub-meter-mixed-depth,1420004,decoupled-guarded,True,True,True,True,0.024984449521217846,0.04701194020001441,127,True,applied,0.8285714285714286,24,17,0.6544908525765821,745.154167
sub-meter-mixed-depth,1420005,count-first,True,True,True,True,0.004934434554470115,0.5108010023849626,130,False,not-requested,nan,0,0,nan,666.332208
sub-meter-mixed-depth,1420005,msac-first,True,True,True,True,0.012103657976935548,0.09469659854886464,129,False,not-requested,nan,0,0,nan,772.451
sub-meter-mixed-depth,1420005,decoupled-unguarded,True,True,True,True,0.024929229919410694,0.03187061246635112,127,True,applied,0.8285714285714286,24,17,0.8024760242417154,760.668208
sub-meter-mixed-depth,1420005,decoupled-guarded,True,True,True,True,0.024929229919410694,0.03187061246635112,127,True,applied,0.8285714285714286,24,17,0.8024760242417154,1020.11375
sub-meter-mixed-depth,1420006,count-first,True,True,True,True,0.009191759837388135,0.16466716826180905,131,False,not-requested,nan,0,0,nan,5122.391583
sub-meter-mixed-depth,1420006,msac-first,True,True,True,True,0.009191759837388135,0.16466716826180905,131,False,not-requested,nan,0,0,nan,10138.989125
sub-meter-mixed-depth,1420006,decoupled-unguarded,True,True,True,True,0.03136716397917077,0.18650112306929678,129,True,applied,0.8214285714285714,25,18,0.6727870189338018,7639.521791
sub-meter-mixed-depth,1420006,decoupled-guarded,True,True,True,True,0.03136716397917077,0.18650112306929678,129,True,applied,0.8214285714285714,25,18,0.6727870189338018,3604.865042
sub-meter-mixed-depth,1420007,count-first,True,True,True,True,0.004951398119436538,1.7927546313459488,130,False,not-requested,nan,0,0,nan,3395.125166
sub-meter-mixed-depth,1420007,msac-first,True,True,True,True,0.004951398119436538,1.7927546313459488,130,False,not-requested,nan,0,0,nan,3384.332833
sub-meter-mixed-depth,1420007,decoupled-unguarded,True,True,True,True,0.023583693395326937,0.1690165750858982,131,True,applied,0.8214285714285714,25,18,0.7558649077905865,1287.7005
sub-meter-mixed-depth,1420007,decoupled-guarded,True,True,True,True,0.023583693395326937,0.1690165750858982,131,True,applied,0.8214285714285714,25,18,0.7558649077905865,970.095583
sub-meter-mixed-depth,1420008,count-first,True,True,True,True,0.015801751930315962,0.10882992705920712,128,False,not-requested,nan,0,0,nan,755.286209
sub-meter-mixed-depth,1420008,msac-first,True,True,True,True,0.012563503158407478,0.12565794916184814,128,False,not-requested,nan,0,0,nan,658.561042
sub-meter-mixed-depth,1420008,decoupled-unguarded,True,True,True,True,0.00874663279387703,0.21100246517379204,128,True,applied,0.8357142857142857,23,16,0.718544469014947,744.988334
sub-meter-mixed-depth,1420008,decoupled-guarded,True,True,True,True,0.00874663279387703,0.21100246517379204,128,True,applied,0.8357142857142857,23,16,0.718544469014947,737.442125
sub-meter-mixed-depth,1420009,count-first,True,True,True,True,0.09771465374554601,0.47427948443944246,132,False,not-requested,nan,0,0,nan,670.647041
sub-meter-mixed-depth,1420009,msac-first,True,True,True,True,0.005464497639042789,0.336328118187696,131,False,not-requested,nan,0,0,nan,678.856166
sub-meter-mixed-depth,1420009,decoupled-unguarded,True,True,True,True,0.030077955348542577,0.37357320585606624,129,True,applied,0.8285714285714286,24,17,0.6897477712264971,887.456
sub-meter-mixed-depth,1420009,decoupled-guarded,True,True,True,True,0.030077955348542577,0.37357320585606624,129,True,applied,0.8285714285714286,24,17,0.6897477712264971,782.803917
sub-meter-mixed-depth,1420010,count-first,True,True,True,True,0.016228924693134517,0.07831631542846229,129,False,not-requested,nan,0,0,nan,688.763417
sub-meter-mixed-depth,1420010,msac-first,True,True,True,True,0.025888323959346853,0.07057179818403714,128,False,not-requested,nan,0,0,nan,693.272458
sub-meter-mixed-depth,1420010,decoupled-unguarded,True,True,True,True,0.025400922669407286,0.027628214913214974,128,True,applied,0.8214285714285714,25,18,0.623363247731001,875.362875
sub-meter-mixed-depth,1420010,decoupled-guarded,True,True,True,True,0.025400922669407286,0.027628214913214974,128,True,applied,0.8214285714285714,25,18,0.623363247731001,6715.206958
sub-meter-mixed-depth,1420011,count-first,True,True,True,True,0.00816659668777385,0.20435208097991525,129,False,not-requested,nan,0,0,nan,7597.105625
sub-meter-mixed-depth,1420011,msac-first,True,True,True,True,0.00816659668777385,0.20435208097991525,129,False,not-requested,nan,0,0,nan,6649.18575
sub-meter-mixed-depth,1420011,decoupled-unguarded,True,True,True,True,0.02490409656462808,0.051338162873062844,128,True,applied,0.8285714285714286,24,17,0.6281608046831098,3498.471166
sub-meter-mixed-depth,1420011,decoupled-guarded,True,True,True,True,0.02490409656462808,0.051338162873062844,128,True,applied,0.8285714285714286,24,17,0.6281608046831098,3974.331375
sub-meter-mixed-depth,1420012,count-first,True,True,True,True,0.020451866971488392,0.30999744520101397,128,False,not-requested,nan,0,0,nan,3059.173958
sub-meter-mixed-depth,1420012,msac-first,True,True,True,True,0.025295161183723932,0.29897813648674876,129,False,not-requested,nan,0,0,nan,724.1695
sub-meter-mixed-depth,1420012,decoupled-unguarded,True,True,True,True,0.02545841096210452,0.22682192330818815,127,True,applied,0.8285714285714286,24,17,0.6369775669095865,927.707458
sub-meter-mixed-depth,1420012,decoupled-guarded,True,True,True,True,0.02545841096210452,0.22682192330818815,127,True,applied,0.8285714285714286,24,17,0.6369775669095865,828.481417
sub-meter-mixed-depth,1420013,count-first,True,True,True,True,0.009808522875180083,0.23730493619928372,128,False,not-requested,nan,0,0,nan,658.192583
sub-meter-mixed-depth,1420013,msac-first,True,True,True,True,0.009808522875180083,0.23730493619928372,128,False,not-requested,nan,0,0,nan,644.158708
sub-meter-mixed-depth,1420013,decoupled-unguarded,True,True,True,True,0.009477671769751823,0.10638386714909062,127,True,applied,0.8357142857142857,23,16,0.6888078586978159,731.17075
sub-meter-mixed-depth,1420013,decoupled-guarded,True,True,True,True,0.009477671769751823,0.10638386714909062,127,True,applied,0.8357142857142857,23,16,0.6888078586978159,1064.659875
sub-meter-mixed-depth,1420014,count-first,True,True,True,True,0.014717030295503395,0.2526566267189799,130,False,not-requested,nan,0,0,nan,904.781041
sub-meter-mixed-depth,1420014,msac-first,True,True,True,True,0.014609098006025617,0.4328016791536672,130,False,not-requested,nan,0,0,nan,655.063
sub-meter-mixed-depth,1420014,decoupled-unguarded,True,True,True,True,0.010228845897909247,0.4112219907227396,129,True,applied,0.8285714285714286,24,17,0.7410443300760914,830.396625
sub-meter-mixed-depth,1420014,decoupled-guarded,True,True,True,True,0.010228845897909247,0.4112219907227396,129,True,applied,0.8285714285714286,24,17,0.7410443300760914,7282.766583
sub-meter-mixed-depth,1420015,count-first,True,True,True,True,0.029216789758946236,0.6310415922816172,129,False,not-requested,nan,0,0,nan,6067.905416
sub-meter-mixed-depth,1420015,msac-first,True,True,True,True,0.013669591218679483,0.14406260357702927,127,False,not-requested,nan,0,0,nan,6044.638292
sub-meter-mixed-depth,1420015,decoupled-unguarded,True,True,True,True,0.013735923430333384,0.14571839883360757,126,True,applied,0.8357142857142857,23,16,0.8092866192416718,4742.313208
sub-meter-mixed-depth,1420015,decoupled-guarded,True,True,True,True,0.013735923430333384,0.14571839883360757,126,True,applied,0.8357142857142857,23,16,0.8092866192416718,3838.25
sub-meter-mixed-depth,1420016,count-first,True,True,True,True,0.008788233179525876,0.1940094251734187,129,False,not-requested,nan,0,0,nan,2968.276333
sub-meter-mixed-depth,1420016,msac-first,True,True,True,True,0.005836204683454756,0.29176163239952896,128,False,not-requested,nan,0,0,nan,1026.277458
sub-meter-mixed-depth,1420016,decoupled-unguarded,True,True,True,True,0.014260171838772146,0.20655505945231153,128,True,applied,0.8214285714285714,25,18,0.6554418173899872,769.604834
sub-meter-mixed-depth,1420016,decoupled-guarded,True,True,True,True,0.014260171838772146,0.20655505945231153,128,True,applied,0.8214285714285714,25,18,0.6554418173899872,780.805625
sub-meter-mixed-depth,1420017,count-first,True,True,True,True,0.0077437331900791035,0.1890322091318157,129,False,not-requested,nan,0,0,nan,668.573709
sub-meter-mixed-depth,1420017,msac-first,True,True,True,True,0.0077437331900791035,0.1890322091318157,129,False,not-requested,nan,0,0,nan,770.462459
sub-meter-mixed-depth,1420017,decoupled-unguarded,True,True,True,True,0.022110988852282677,0.16698406107092253,129,True,applied,0.8285714285714286,24,17,0.7173616844525441,791.995708
sub-meter-mixed-depth,1420017,decoupled-guarded,True,True,True,True,0.022110988852282677,0.16698406107092253,129,True,applied,0.8285714285714286,24,17,0.7173616844525441,751.364625
sub-meter-mixed-depth,1420018,count-first,True,True,True,True,0.011742865197949117,0.23539190691014064,131,False,not-requested,nan,0,0,nan,664.784083
sub-meter-mixed-depth,1420018,msac-first,True,True,True,True,0.012244626399168696,0.17334503303129387,131,False,not-requested,nan,0,0,nan,671.008916
sub-meter-mixed-depth,1420018,decoupled-unguarded,True,True,True,True,0.018305477527867303,0.06311001423287152,132,True,applied,0.8214285714285714,25,18,0.7575373715178539,864.559583
sub-meter-mixed-depth,1420018,decoupled-guarded,True,True,True,True,0.018305477527867303,0.06311001423287152,132,True,applied,0.8214285714285714,25,18,0.7575373715178539,736.140875
sub-meter-mixed-depth,1420019,count-first,True,True,True,True,0.009984428532149427,0.5394186549790692,131,False,not-requested,nan,0,0,nan,655.041125
sub-meter-mixed-depth,1420019,msac-first,True,True,True,True,0.00567549215158813,0.18380522485863893,131,False,not-requested,nan,0,0,nan,654.823625
sub-meter-mixed-depth,1420019,decoupled-unguarded,True,True,True,True,0.010441825183976895,0.152341168949049,131,True,applied,0.8214285714285714,25,18,0.7963429876455079,2363.032333
sub-meter-mixed-depth,1420019,decoupled-guarded,True,True,True,True,0.010441825183976895,0.152341168949049,131,True,applied,0.8214285714285714,25,18,0.7963429876455079,7831.270291
weak-parallax-stress,1430000,count-first,True,True,False,False,0.10309246594042645,15.55232289501738,210,False,not-requested,nan,0,0,nan,7763.553292
weak-parallax-stress,1430000,msac-first,True,True,False,False,0.052056688759856445,66.77595484650138,208,False,not-requested,nan,0,0,nan,6098.342708
weak-parallax-stress,1430000,decoupled-unguarded,True,True,True,True,0.025510367873566742,0.5722831374118427,202,True,applied,0.9875,5,5,0.7763058399209058,3602.225542
weak-parallax-stress,1430000,decoupled-guarded,True,True,True,True,0.025510367873566742,0.5722831374118427,202,True,applied,0.9875,5,5,0.7763058399209058,3316.544583
weak-parallax-stress,1430001,count-first,True,True,False,False,0.1031002896473832,105.55683386988856,220,False,not-requested,nan,0,0,nan,1089.542958
weak-parallax-stress,1430001,msac-first,True,True,False,False,0.05154700422924916,97.4541993460584,200,False,not-requested,nan,0,0,nan,715.148292
weak-parallax-stress,1430001,decoupled-unguarded,True,True,True,True,0.008499909903149057,0.6400099969285051,196,True,applied,0.9825,7,6,0.699547369561159,805.055167
weak-parallax-stress,1430001,decoupled-guarded,True,True,True,True,0.008499909903149057,0.6400099969285051,196,True,applied,0.9825,7,6,0.699547369561159,994.260125
weak-parallax-stress,1430002,count-first,True,True,False,False,0.1985234972545736,38.3171351077865,206,False,not-requested,nan,0,0,nan,667.104708
weak-parallax-stress,1430002,msac-first,True,True,False,False,0.09080141356736239,136.884030665212,199,False,not-requested,nan,0,0,nan,741.404666
weak-parallax-stress,1430002,decoupled-unguarded,True,True,True,True,0.007206851378456549,1.0666036807583874,191,True,applied,0.985,6,5,0.6573604205674027,868.962333
weak-parallax-stress,1430002,decoupled-guarded,True,True,True,True,0.007206851378456549,1.0666036807583874,191,True,applied,0.985,6,5,0.6573604205674027,825.803291
weak-parallax-stress,1430003,count-first,True,True,False,False,0.11183996108757019,25.05354334438774,216,False,not-requested,nan,0,0,nan,681.054917
weak-parallax-stress,1430003,msac-first,True,True,False,False,0.03827685024843541,74.72019344379369,203,False,not-requested,nan,0,0,nan,791.519916
weak-parallax-stress,1430003,decoupled-unguarded,True,True,True,True,0.006223104396684857,0.509893295014561,222,True,applied,0.9875,5,5,0.8626533278601661,737.919583
weak-parallax-stress,1430003,decoupled-guarded,True,True,True,True,0.006223104396684857,0.509893295014561,222,True,applied,0.9875,5,5,0.8626533278601661,2887.267584
weak-parallax-stress,1430004,count-first,True,True,False,False,0.03657903205098987,10.27566157795654,227,False,not-requested,nan,0,0,nan,7536.44375
weak-parallax-stress,1430004,msac-first,True,True,False,False,0.052226943225300776,133.08770594157536,196,False,not-requested,nan,0,0,nan,8316.33
weak-parallax-stress,1430004,decoupled-unguarded,True,True,True,True,0.012614213802231605,0.8296523303568774,227,True,applied,0.985,6,6,1.0,5370.804459
weak-parallax-stress,1430004,decoupled-guarded,True,True,True,True,0.012614213802231605,0.8296523303568774,227,True,applied,0.985,6,6,1.0,4477.800792
weak-parallax-stress,1430005,count-first,True,True,False,False,0.09520032965139669,72.70716817400884,217,False,not-requested,nan,0,0,nan,3750.042041
weak-parallax-stress,1430005,msac-first,True,True,False,False,0.05103173945896984,93.41098088459454,203,False,not-requested,nan,0,0,nan,928.456917
weak-parallax-stress,1430005,decoupled-unguarded,True,True,True,True,0.01900558163404277,0.5136009330725835,207,True,applied,0.9875,5,5,0.4924085681181102,733.807667
weak-parallax-stress,1430005,decoupled-guarded,True,True,True,True,0.01900558163404277,0.5136009330725835,207,True,applied,0.9875,5,5,0.4924085681181102,750.64225
weak-parallax-stress,1430006,count-first,True,True,False,False,0.13636390597824463,10.545395023316809,219,False,not-requested,nan,0,0,nan,736.362584
weak-parallax-stress,1430006,msac-first,True,True,False,False,0.04720364385481888,28.670619576791616,202,False,not-requested,nan,0,0,nan,681.86625
weak-parallax-stress,1430006,decoupled-unguarded,True,True,True,True,0.011897738644724418,0.4174155095187151,224,True,applied,0.9875,5,5,0.5886898659973617,742.970042
weak-parallax-stress,1430006,decoupled-guarded,True,True,True,True,0.011897738644724418,0.4174155095187151,224,True,applied,0.9875,5,5,0.5886898659973617,773.845083
weak-parallax-stress,1430007,count-first,True,True,False,False,0.13177686667718547,19.454389692364217,218,False,not-requested,nan,0,0,nan,775.93
weak-parallax-stress,1430007,msac-first,True,True,False,False,0.04736904843117434,41.55006990321151,204,False,not-requested,nan,0,0,nan,747.558666
weak-parallax-stress,1430007,decoupled-unguarded,True,True,True,True,0.012010435899624283,0.3564864108718537,223,True,applied,0.9875,5,5,1.0,883.175292
weak-parallax-stress,1430007,decoupled-guarded,True,True,True,True,0.012010435899624283,0.3564864108718537,223,True,applied,0.9875,5,5,1.0,892.125041
weak-parallax-stress,1430008,count-first,True,True,False,False,0.049279192228430045,13.129108500572764,217,False,not-requested,nan,0,0,nan,3703.917625
weak-parallax-stress,1430008,msac-first,True,True,False,False,0.029516361488277746,47.261136852389185,199,False,not-requested,nan,0,0,nan,8077.774
weak-parallax-stress,1430008,decoupled-unguarded,True,True,True,True,0.015212863407620616,0.221142286420169,206,True,applied,0.985,6,6,0.7157030582421681,8240.878625
weak-parallax-stress,1430008,decoupled-guarded,True,True,True,True,0.015212863407620616,0.221142286420169,206,True,applied,0.985,6,6,0.7157030582421681,4493.144458
weak-parallax-stress,1430009,count-first,True,True,False,False,0.10359424826678411,49.382249974074035,216,False,not-requested,nan,0,0,nan,3304.763333
weak-parallax-stress,1430009,msac-first,True,True,False,False,0.035252802850125005,85.1620592788206,210,False,not-requested,nan,0,0,nan,3178.588208
weak-parallax-stress,1430009,decoupled-unguarded,True,True,True,True,0.0064902300276543055,1.1318074357681709,195,True,applied,0.9875,5,5,1.0,1116.912708
weak-parallax-stress,1430009,decoupled-guarded,True,True,True,True,0.0064902300276543055,1.1318074357681709,195,True,applied,0.9875,5,5,1.0,733.311333
weak-parallax-stress,1430010,count-first,True,True,False,False,0.058205779380765536,54.42250038778977,211,False,not-requested,nan,0,0,nan,701.061417
weak-parallax-stress,1430010,msac-first,True,True,False,False,0.024860829333134504,37.21197582449225,203,False,not-requested,nan,0,0,nan,699.561583
weak-parallax-stress,1430010,decoupled-unguarded,True,True,True,True,0.018044376193655863,1.7942440866634077,193,True,applied,0.985,6,6,0.7112870604083916,764.764042
weak-parallax-stress,1430010,decoupled-guarded,True,True,True,True,0.018044376193655863,1.7942440866634077,193,True,applied,0.985,6,6,0.7112870604083916,748.819209
weak-parallax-stress,1430011,count-first,True,True,False,False,0.1678228757577026,106.89790342579482,219,False,not-requested,nan,0,0,nan,742.789625
weak-parallax-stress,1430011,msac-first,True,True,False,False,0.024707087811646936,60.745669583478325,199,False,not-requested,nan,0,0,nan,779.597042
weak-parallax-stress,1430011,decoupled-unguarded,True,True,True,True,0.02426322479078252,0.9521558251550889,218,True,applied,0.9875,5,5,0.7472259993123936,842.615625
weak-parallax-stress,1430011,decoupled-guarded,True,True,True,True,0.02426322479078252,0.9521558251550889,218,True,applied,0.9875,5,5,0.7472259993123936,773.053917
weak-parallax-stress,1430012,count-first,True,True,False,False,0.09956264397264453,66.20364572605243,210,False,not-requested,nan,0,0,nan,834.904875
weak-parallax-stress,1430012,msac-first,True,True,False,False,0.02470240848233097,52.05823313029601,191,False,not-requested,nan,0,0,nan,740.908167
weak-parallax-stress,1430012,decoupled-unguarded,True,True,True,True,0.02809555210573096,1.1452784364873723,210,True,applied,0.9875,5,5,0.5023468293509246,5212.001417
weak-parallax-stress,1430012,decoupled-guarded,True,True,True,True,0.02809555210573096,1.1452784364873723,210,True,applied,0.9875,5,5,0.5023468293509246,8739.462833
weak-parallax-stress,1430013,count-first,True,True,True,True,0.08426824629973766,2.469039157921164,212,False,not-requested,nan,0,0,nan,8752.849417
weak-parallax-stress,1430013,msac-first,True,True,False,False,0.02527407602241581,63.270065358239115,190,False,not-requested,nan,0,0,nan,4037.259791
weak-parallax-stress,1430013,decoupled-unguarded,True,True,True,True,0.008756380109648805,1.5198905894965193,214,True,applied,0.985,6,6,0.720145558662856,4562.150875
weak-parallax-stress,1430013,decoupled-guarded,True,True,True,True,0.008756380109648805,1.5198905894965193,214,True,applied,0.985,6,6,0.720145558662856,2418.696417
weak-parallax-stress,1430014,count-first,True,True,True,False,0.1509331821595326,8.848615049964753,221,False,not-requested,nan,0,0,nan,967.044833
weak-parallax-stress,1430014,msac-first,True,True,False,False,0.030065880251714843,32.81642384185685,216,False,not-requested,nan,0,0,nan,720.6275
weak-parallax-stress,1430014,decoupled-unguarded,True,True,True,True,0.018916192692097662,0.37148604542548397,212,True,applied,0.9875,5,5,0.46945020237901025,758.389167
weak-parallax-stress,1430014,decoupled-guarded,True,True,True,True,0.018916192692097662,0.37148604542548397,212,True,applied,0.9875,5,5,0.46945020237901025,771.670625
weak-parallax-stress,1430015,count-first,True,True,False,False,0.05970575570387868,64.06875745183709,217,False,not-requested,nan,0,0,nan,689.154125
weak-parallax-stress,1430015,msac-first,True,True,False,False,0.061057698496471795,27.644782609227775,216,False,not-requested,nan,0,0,nan,732.240875
weak-parallax-stress,1430015,decoupled-unguarded,True,True,True,True,0.0017070891815527318,1.1330077406497658,222,True,applied,0.985,6,5,0.6398532110270936,724.655875
weak-parallax-stress,1430015,decoupled-guarded,True,True,True,True,0.0017070891815527318,1.1330077406497658,222,True,applied,0.985,6,5,0.6398532110270936,718.489584
weak-parallax-stress,1430016,count-first,True,True,False,False,0.07290681529144566,50.656938121787135,218,False,not-requested,nan,0,0,nan,751.581917
weak-parallax-stress,1430016,msac-first,True,True,False,False,0.06920352536907982,40.21462149152971,207,False,not-requested,nan,0,0,nan,742.437625
weak-parallax-stress,1430016,decoupled-unguarded,True,True,True,True,0.022448941849453105,2.75720699177037,207,True,applied,0.985,6,5,0.2437628814675029,960.10275
weak-parallax-stress,1430016,decoupled-guarded,True,True,True,True,0.022448941849453105,2.75720699177037,207,True,applied,0.985,6,5,0.2437628814675029,865.103166
weak-parallax-stress,1430017,count-first,True,True,False,False,0.1709269045718326,33.9028992669462,215,False,not-requested,nan,0,0,nan,5110.556917
weak-parallax-stress,1430017,msac-first,True,True,False,False,0.04616502996280741,63.12421502660462,201,False,not-requested,nan,0,0,nan,9579.627542
weak-parallax-stress,1430017,decoupled-unguarded,True,True,True,False,0.014622948491310796,5.918644621853238,213,True,applied,0.9875,5,5,0.22290396133138354,7571.637833
weak-parallax-stress,1430017,decoupled-guarded,True,True,True,False,0.014622948491310796,5.918644621853238,213,True,applied,0.9875,5,5,0.22290396133138354,4781.180333
weak-parallax-stress,1430018,count-first,True,True,False,False,0.20886477674887824,20.23252037097585,222,False,not-requested,nan,0,0,nan,3770.522833
weak-parallax-stress,1430018,msac-first,True,True,False,False,0.034253022892553726,50.640755544384255,202,False,not-requested,nan,0,0,nan,1164.132709
weak-parallax-stress,1430018,decoupled-unguarded,True,True,True,True,0.02234063776679486,1.043402633374183,205,True,applied,0.9875,5,5,0.459457075249094,795.422792
weak-parallax-stress,1430018,decoupled-guarded,True,True,True,True,0.02234063776679486,1.043402633374183,205,True,applied,0.9875,5,5,0.459457075249094,755.059833
weak-parallax-stress,1430019,count-first,True,True,False,False,0.08298081522828928,60.73182323301546,208,False,not-requested,nan,0,0,nan,721.9655
weak-parallax-stress,1430019,msac-first,True,True,False,False,0.01911750786442725,104.77488142059971,193,False,not-requested,nan,0,0,nan,711.539208
weak-parallax-stress,1430019,decoupled-unguarded,True,True,True,True,0.0198496598847379,0.9551025019921577,208,True,applied,0.9825,7,6,0.3517110237901645,851.138084
weak-parallax-stress,1430019,decoupled-guarded,True,True,True,True,0.0198496598847379,0.9551025019921577,208,True,applied,0.9825,7,6,0.3517110237901645,977.60525
unobservable,1440000,count-first,True,True,False,False,0.20550701031800864,39.54676268695001,219,False,not-requested,nan,0,0,nan,939.721375
unobservable,1440000,msac-first,True,True,False,False,0.01617668808401013,114.30008877681617,177,False,not-requested,nan,0,0,nan,705.669709
unobservable,1440000,decoupled-unguarded,True,False,False,False,0.20550701031800864,39.54676268695001,219,False,translation-unobservable,1.0,0,0,0.0,757.150584
unobservable,1440000,decoupled-guarded,True,False,False,False,0.20550701031800864,39.54676268695001,219,False,translation-unobservable,1.0,0,0,0.0,724.40225
unobservable,1440001,count-first,True,True,False,False,0.07144951210468078,86.32123680455827,214,False,not-requested,nan,0,0,nan,2482.370458
unobservable,1440001,msac-first,True,True,False,False,0.03872154526237811,82.48759476199977,210,False,not-requested,nan,0,0,nan,7589.443833
unobservable,1440001,decoupled-unguarded,True,False,False,False,0.07144951210468078,86.32123680455827,214,False,translation-unobservable,0.9975,1,0,0.0,8030.964541
unobservable,1440001,decoupled-guarded,True,False,False,False,0.07144951210468078,86.32123680455827,214,False,translation-unobservable,0.9975,1,0,0.0,6147.083208
unobservable,1440002,count-first,True,True,False,False,0.06670116693960573,118.48681303963457,213,False,not-requested,nan,0,0,nan,3954.104709
unobservable,1440002,msac-first,True,True,False,False,0.03685696326648176,118.20374902609481,209,False,not-requested,nan,0,0,nan,3726.616292
unobservable,1440002,decoupled-unguarded,True,False,False,False,0.06670116693960573,118.48681303963457,213,False,translation-unobservable,0.9975,1,0,0.0,1381.185333
unobservable,1440002,decoupled-guarded,True,False,False,False,0.06670116693960573,118.48681303963457,213,False,translation-unobservable,0.9975,1,0,0.0,1266.338292
unobservable,1440003,count-first,True,True,False,False,0.03614402142953276,71.62509757522598,212,False,not-requested,nan,0,0,nan,723.141708
unobservable,1440003,msac-first,True,True,False,False,0.056849944320154805,66.47429137990487,212,False,not-requested,nan,0,0,nan,737.007208
unobservable,1440003,decoupled-unguarded,True,False,False,False,0.03614402142953276,71.62509757522598,212,False,translation-unobservable,0.9975,1,0,0.0,764.59025
unobservable,1440003,decoupled-guarded,True,False,False,False,0.03614402142953276,71.62509757522598,212,False,translation-unobservable,0.9975,1,0,0.0,755.106667
unobservable,1440004,count-first,True,True,False,False,0.043005791261860445,13.050396240428586,217,False,not-requested,nan,0,0,nan,760.030084
unobservable,1440004,msac-first,True,True,False,False,0.02037888814699151,62.44275995923223,217,False,not-requested,nan,0,0,nan,792.999375
unobservable,1440004,decoupled-unguarded,True,False,False,False,0.043005791261860445,13.050396240428586,217,False,translation-unobservable,0.9975,1,0,0.0,855.221625
unobservable,1440004,decoupled-guarded,True,False,False,False,0.043005791261860445,13.050396240428586,217,False,translation-unobservable,0.9975,1,0,0.0,775.219583
unobservable,1440005,count-first,True,True,False,False,0.038376800104529964,35.39560942686142,217,False,not-requested,nan,0,0,nan,800.761708
unobservable,1440005,msac-first,True,True,False,False,0.04456265975553501,54.75824432915052,201,False,not-requested,nan,0,0,nan,6216.787167
unobservable,1440005,decoupled-unguarded,True,False,False,False,0.038376800104529964,35.39560942686142,217,False,translation-unobservable,1.0,0,0,0.0,8325.019958
unobservable,1440005,decoupled-guarded,True,False,False,False,0.038376800104529964,35.39560942686142,217,False,translation-unobservable,1.0,0,0,0.0,7565.245042
unobservable,1440006,count-first,True,True,False,False,0.09421232705221132,124.29687162990768,215,False,not-requested,nan,0,0,nan,4139.825417
unobservable,1440006,msac-first,True,True,False,False,0.016256875178798775,142.08465724542742,206,False,not-requested,nan,0,0,nan,3720.997333
unobservable,1440006,decoupled-unguarded,True,False,False,False,0.09421232705221132,124.29687162990768,215,False,translation-unobservable,1.0,0,0,0.0,2117.041041
unobservable,1440006,decoupled-guarded,True,False,False,False,0.09421232705221132,124.29687162990768,215,False,translation-unobservable,1.0,0,0,0.0,1128.170708
unobservable,1440007,count-first,True,True,False,False,0.0896093405257414,117.00215346940335,216,False,not-requested,nan,0,0,nan,735.376917
unobservable,1440007,msac-first,True,True,False,False,0.03506640496023878,49.94317205385835,194,False,not-requested,nan,0,0,nan,784.778084
unobservable,1440007,decoupled-unguarded,True,False,False,False,0.0896093405257414,117.00215346940335,216,False,translation-unobservable,1.0,0,0,0.0,766.415708
unobservable,1440007,decoupled-guarded,True,False,False,False,0.0896093405257414,117.00215346940335,216,False,translation-unobservable,1.0,0,0,0.0,756.233375
unobservable,1440008,count-first,True,True,False,False,0.1883636582334416,47.067670558307306,210,False,not-requested,nan,0,0,nan,759.025667
unobservable,1440008,msac-first,True,True,False,False,0.06394943525603475,52.60336172080636,203,False,not-requested,nan,0,0,nan,734.983042
unobservable,1440008,decoupled-unguarded,True,False,False,False,0.1883636582334416,47.067670558307306,210,False,translation-unobservable,0.9975,1,0,0.0,857.789917
unobservable,1440008,decoupled-guarded,True,False,False,False,0.1883636582334416,47.067670558307306,210,False,translation-unobservable,0.9975,1,0,0.0,1220.440334
unobservable,1440009,count-first,True,True,False,False,0.0794374093719133,20.64426760581152,221,False,not-requested,nan,0,0,nan,780.883875
unobservable,1440009,msac-first,True,True,False,False,0.020439097405508824,39.652447428834144,210,False,not-requested,nan,0,0,nan,781.371791
unobservable,1440009,decoupled-unguarded,True,False,False,False,0.0794374093719133,20.64426760581152,221,False,translation-unobservable,0.995,2,0,0.0,6784.36775
unobservable,1440009,decoupled-guarded,True,False,False,False,0.0794374093719133,20.64426760581152,221,False,translation-unobservable,0.995,2,0,0.0,8286.18425
unobservable,1440010,count-first,True,True,False,False,0.10562568166371564,20.561493618387164,218,False,not-requested,nan,0,0,nan,6595.759792
unobservable,1440010,msac-first,True,True,False,False,0.048255050450267505,24.395539194263012,205,False,not-requested,nan,0,0,nan,4853.245125
unobservable,1440010,decoupled-unguarded,True,False,False,False,0.10562568166371564,20.561493618387164,218,False,translation-unobservable,1.0,0,0,0.0,3521.681167
unobservable,1440010,decoupled-guarded,True,False,False,False,0.10562568166371564,20.561493618387164,218,False,translation-unobservable,1.0,0,0,0.0,1637.897875
unobservable,1440011,count-first,True,True,False,False,0.11368282006403428,76.8518432899664,220,False,not-requested,nan,0,0,nan,920.128833
unobservable,1440011,msac-first,True,True,False,False,0.01783526173616084,29.73138291178101,213,False,not-requested,nan,0,0,nan,1026.860875
unobservable,1440011,decoupled-unguarded,True,False,False,False,0.11368282006403428,76.8518432899664,220,False,translation-unobservable,0.9975,1,0,0.0,878.138292
unobservable,1440011,decoupled-guarded,True,False,False,False,0.11368282006403428,76.8518432899664,220,False,translation-unobservable,0.9975,1,0,0.0,1071.456791
unobservable,1440012,count-first,True,True,False,False,0.13152862918563615,54.34104523361997,207,False,not-requested,nan,0,0,nan,1383.675459
unobservable,1440012,msac-first,True,True,False,False,0.036418675909074646,24.467398777644842,196,False,not-requested,nan,0,0,nan,1354.975833
unobservable,1440012,decoupled-unguarded,True,False,False,False,0.13152862918563615,54.34104523361997,207,False,translation-unobservable,0.9925,3,0,0.0,3533.279917
unobservable,1440012,decoupled-guarded,True,False,False,False,0.13152862918563615,54.34104523361997,207,False,translation-unobservable,0.9925,3,0,0.0,8656.388792
unobservable,1440013,count-first,True,True,False,False,0.09023496791796673,94.94063801713467,217,False,not-requested,nan,0,0,nan,7406.881666
unobservable,1440013,msac-first,True,True,False,False,0.010662969777658135,129.23632280308598,201,False,not-requested,nan,0,0,nan,5311.54575
unobservable,1440013,decoupled-unguarded,True,False,False,False,0.09023496791796673,94.94063801713467,217,False,translation-unobservable,1.0,0,0,0.0,4621.750625
unobservable,1440013,decoupled-guarded,True,False,False,False,0.09023496791796673,94.94063801713467,217,False,translation-unobservable,1.0,0,0,0.0,3593.132416
unobservable,1440014,count-first,True,True,False,False,0.1670675498856325,47.0764268987439,224,False,not-requested,nan,0,0,nan,1395.740708
unobservable,1440014,msac-first,True,True,False,False,0.04281979858982186,61.35184774844636,204,False,not-requested,nan,0,0,nan,982.279583
unobservable,1440014,decoupled-unguarded,True,False,False,False,0.1670675498856325,47.0764268987439,224,False,translation-unobservable,0.9975,1,0,0.0,790.072542
unobservable,1440014,decoupled-guarded,True,False,False,False,0.1670675498856325,47.0764268987439,224,False,translation-unobservable,0.9975,1,0,0.0,766.22125
unobservable,1440015,count-first,True,True,False,False,0.05435672432971918,51.35873068072822,217,False,not-requested,nan,0,0,nan,978.247167
unobservable,1440015,msac-first,True,True,False,False,0.03828493801591962,73.41293186793568,207,False,not-requested,nan,0,0,nan,1144.684792
unobservable,1440015,decoupled-unguarded,True,False,False,False,0.05435672432971918,51.35873068072822,217,False,translation-unobservable,0.9975,1,0,0.0,1125.583375
unobservable,1440015,decoupled-guarded,True,False,False,False,0.05435672432971918,51.35873068072822,217,False,translation-unobservable,0.9975,1,0,0.0,1162.552792
unobservable,1440016,count-first,True,True,False,False,0.16613052038449969,28.26030047153437,234,False,not-requested,nan,0,0,nan,6229.072
unobservable,1440016,msac-first,True,True,False,False,0.05475874062048231,102.51101860687294,196,False,not-requested,nan,0,0,nan,7304.070917
unobservable,1440016,decoupled-unguarded,True,False,False,False,0.16613052038449969,28.26030047153437,234,False,translation-unobservable,1.0,0,0,0.0,7532.581125
unobservable,1440016,decoupled-guarded,True,False,False,False,0.16613052038449969,28.26030047153437,234,False,translation-unobservable,1.0,0,0,0.0,4958.873541
unobservable,1440017,count-first,True,True,False,False,0.0426783247436083,66.1188745412885,207,False,not-requested,nan,0,0,nan,3646.151375
unobservable,1440017,msac-first,True,True,False,False,0.05515897229361081,85.45937003067557,203,False,not-requested,nan,0,0,nan,2308.166792
unobservable,1440017,decoupled-unguarded,True,False,False,False,0.0426783247436083,66.1188745412885,207,False,translation-unobservable,0.9975,1,0,0.0,1049.955958
unobservable,1440017,decoupled-guarded,True,False,False,False,0.0426783247436083,66.1188745412885,207,False,translation-unobservable,0.9975,1,0,0.0,987.916084
unobservable,1440018,count-first,True,True,False,False,0.03286472474413628,60.96863444225159,217,False,not-requested,nan,0,0,nan,1038.700959
unobservable,1440018,msac-first,True,True,False,False,0.03737365281579002,42.788504006403755,185,False,not-requested,nan,0,0,nan,733.558625
unobservable,1440018,decoupled-unguarded,True,False,False,False,0.03286472474413628,60.96863444225159,217,False,translation-unobservable,0.9975,1,0,0.0,877.414959
unobservable,1440018,decoupled-guarded,True,False,False,False,0.03286472474413628,60.96863444225159,217,False,translation-unobservable,0.9975,1,0,0.0,843.748375
unobservable,1440019,count-first,True,True,False,False,0.10769976403835757,64.9230026337449,221,False,not-requested,nan,0,0,nan,884.317375
unobservable,1440019,msac-first,True,True,False,False,0.021437104760101095,45.34496809897797,203,False,not-requested,nan,0,0,nan,825.953375
unobservable,1440019,decoupled-unguarded,True,False,False,False,0.10769976403835757,64.9230026337449,221,False,translation-unobservable,0.995,2,0,0.0,727.257708
unobservable,1440019,decoupled-guarded,True,False,False,False,0.10769976403835757,64.9230026337449,221,False,translation-unobservable,0.995,2,0,0.0,2286.087
weak-parallax-with-outliers,1450000,count-first,True,True,False,False,0.27759993692841894,84.47127779072646,205,False,not-requested,nan,0,0,nan,8527.748208
weak-parallax-with-outliers,1450000,msac-first,True,True,False,False,0.04513723890675424,42.50230603319199,183,False,not-requested,nan,0,0,nan,7220.179542
weak-parallax-with-outliers,1450000,decoupled-unguarded,True,True,True,True,0.004797578611778288,0.6926678419063013,192,True,applied,0.9375,25,5,0.4014076690531801,6359.669916
weak-parallax-with-outliers,1450000,decoupled-guarded,True,True,True,True,0.004797578611778288,0.6926678419063013,192,True,applied,0.9375,25,5,0.4014076690531801,4338.759375
weak-parallax-with-outliers,1450001,count-first,True,True,False,False,0.13704432052176382,36.93552878633279,206,False,not-requested,nan,0,0,nan,3187.504209
weak-parallax-with-outliers,1450001,msac-first,True,True,False,False,0.05665331037604886,45.70528469251489,199,False,not-requested,nan,0,0,nan,1674.554125
weak-parallax-with-outliers,1450001,decoupled-unguarded,True,True,True,True,0.009797194227630424,2.580121759396227,199,True,applied,0.9375,25,5,0.16571220828698502,793.5535
weak-parallax-with-outliers,1450001,decoupled-guarded,True,True,True,True,0.009797194227630424,2.580121759396227,199,True,applied,0.9375,25,5,0.16571220828698502,776.147333
weak-parallax-with-outliers,1450002,count-first,True,True,False,False,0.24671626895711798,40.31127013389051,209,False,not-requested,nan,0,0,nan,666.3225
weak-parallax-with-outliers,1450002,msac-first,True,True,False,False,0.04620606663709888,32.73753383359071,199,False,not-requested,nan,0,0,nan,655.903417
weak-parallax-with-outliers,1450002,decoupled-unguarded,True,True,True,True,0.023676015733020604,2.5574276162506804,189,True,applied,0.9375,25,5,0.18626491526557531,817.875875
weak-parallax-with-outliers,1450002,decoupled-guarded,True,True,True,True,0.023676015733020604,2.5574276162506804,189,True,applied,0.9375,25,5,0.18626491526557531,807.098375
weak-parallax-with-outliers,1450003,count-first,True,True,False,False,0.16248564734807924,22.04915169503462,202,False,not-requested,nan,0,0,nan,703.543541
weak-parallax-with-outliers,1450003,msac-first,True,True,False,False,0.07952701671998214,52.72606015473461,185,False,not-requested,nan,0,0,nan,843.088125
weak-parallax-with-outliers,1450003,decoupled-unguarded,True,True,True,True,0.022146692587288005,2.0189466129465057,201,True,applied,0.94,24,5,0.23635657486389625,834.754292
weak-parallax-with-outliers,1450003,decoupled-guarded,True,True,True,True,0.022146692587288005,2.0189466129465057,201,True,applied,0.94,24,5,0.23635657486389625,1930.122542
weak-parallax-with-outliers,1450004,count-first,True,True,False,False,0.1969260955154073,34.98414681358484,212,False,not-requested,nan,0,0,nan,6912.433875
weak-parallax-with-outliers,1450004,msac-first,True,True,False,False,0.030726411312656018,46.7038490306204,208,False,not-requested,nan,0,0,nan,7181.430708
weak-parallax-with-outliers,1450004,decoupled-unguarded,True,True,True,True,0.010467600572006137,0.7935507892500216,209,True,applied,0.9375,25,5,0.16931396602293342,7154.976958
weak-parallax-with-outliers,1450004,decoupled-guarded,True,True,True,True,0.010467600572006137,0.7935507892500216,209,True,applied,0.9375,25,5,0.16931396602293342,3570.462
weak-parallax-with-outliers,1450005,count-first,True,True,False,False,0.07077018170945178,76.52078451303399,202,False,not-requested,nan,0,0,nan,3870.409333
weak-parallax-with-outliers,1450005,msac-first,True,True,False,False,0.052688204354252095,94.46044208044243,187,False,not-requested,nan,0,0,nan,2118.247292
weak-parallax-with-outliers,1450005,decoupled-unguarded,True,True,True,True,0.01628550379477824,0.5728773492421129,195,True,applied,0.9375,25,6,0.31061029108943894,972.273959
weak-parallax-with-outliers,1450005,decoupled-guarded,True,True,True,True,0.01628550379477824,0.5728773492421129,195,True,applied,0.9375,25,6,0.31061029108943894,854.131958
weak-parallax-with-outliers,1450006,count-first,True,True,False,False,0.07763547960226123,52.619179076729594,199,False,not-requested,nan,0,0,nan,805.097583
weak-parallax-with-outliers,1450006,msac-first,True,True,False,False,0.018764896964921167,66.35224764918888,193,False,not-requested,nan,0,0,nan,710.437209
weak-parallax-with-outliers,1450006,decoupled-unguarded,True,True,True,True,0.006705382227161015,1.0920911605873191,190,True,applied,0.9375,25,5,0.3262409655485174,804.836666
weak-parallax-with-outliers,1450006,decoupled-guarded,True,True,True,True,0.006705382227161015,1.0920911605873191,190,True,applied,0.9375,25,5,0.3262409655485174,869.910584
weak-parallax-with-outliers,1450007,count-first,True,True,False,False,0.07903705909075745,73.34544778339108,198,False,not-requested,nan,0,0,nan,700.382541
weak-parallax-with-outliers,1450007,msac-first,True,True,False,False,0.04811351464527032,84.17056156364754,182,False,not-requested,nan,0,0,nan,686.140125
weak-parallax-with-outliers,1450007,decoupled-unguarded,True,True,True,True,0.01962452956901287,0.798970663774146,194,True,applied,0.935,26,5,0.3859797120071238,813.421958
weak-parallax-with-outliers,1450007,decoupled-guarded,True,True,True,True,0.01962452956901287,0.798970663774146,194,True,applied,0.935,26,5,0.3859797120071238,915.597667
weak-parallax-with-outliers,1450008,count-first,True,True,False,False,0.14808696026347132,61.69857793816099,199,False,not-requested,nan,0,0,nan,741.683541
weak-parallax-with-outliers,1450008,msac-first,True,True,False,False,0.04155440534078073,135.71582549558525,193,False,not-requested,nan,0,0,nan,4867.715125
weak-parallax-with-outliers,1450008,decoupled-unguarded,True,True,True,True,0.016027684851103695,0.18235894887518148,198,True,applied,0.935,26,6,0.2662522101765187,7535.980708
weak-parallax-with-outliers,1450008,decoupled-guarded,True,True,True,True,0.016027684851103695,0.18235894887518148,198,True,applied,0.935,26,6,0.2662522101765187,7685.18625
weak-parallax-with-outliers,1450009,count-first,True,True,False,False,0.12669582828525838,117.65380445422281,202,False,not-requested,nan,0,0,nan,3779.931291
weak-parallax-with-outliers,1450009,msac-first,True,True,False,False,0.08437993758214202,53.46014302367818,184,False,not-requested,nan,0,0,nan,3633.940333
weak-parallax-with-outliers,1450009,decoupled-unguarded,True,True,True,True,0.030113617463682293,0.6111312796388427,196,True,applied,0.9375,25,5,0.2942712469956572,3767.292916
weak-parallax-with-outliers,1450009,decoupled-guarded,True,True,True,True,0.030113617463682293,0.6111312796388427,196,True,applied,0.9375,25,5,0.2942712469956572,1418.809125
weak-parallax-with-outliers,1450010,count-first,True,True,False,False,0.04929808327944444,36.35011173737179,208,False,not-requested,nan,0,0,nan,1077.211417
weak-parallax-with-outliers,1450010,msac-first,True,True,False,False,0.043784181023804776,36.399806606283,206,False,not-requested,nan,0,0,nan,797.667833
weak-parallax-with-outliers,1450010,decoupled-unguarded,True,True,True,True,0.012011852412650846,0.482025422430995,206,True,applied,0.935,26,6,0.2800521329188004,879.368375
weak-parallax-with-outliers,1450010,decoupled-guarded,True,True,True,True,0.012011852412650846,0.482025422430995,206,True,applied,0.935,26,6,0.2800521329188004,752.231667
weak-parallax-with-outliers,1450011,count-first,True,True,False,False,0.17394552747959863,42.46892015921602,209,False,not-requested,nan,0,0,nan,750.063833
weak-parallax-with-outliers,1450011,msac-first,True,True,False,False,0.050959567082645915,53.549284021523086,196,False,not-requested,nan,0,0,nan,925.204291
weak-parallax-with-outliers,1450011,decoupled-unguarded,True,True,False,False,0.011373096424197432,71.46657946423464,190,True,applied,0.9425,23,3,0.018632104591006254,1013.240208
weak-parallax-with-outliers,1450011,decoupled-guarded,True,False,False,False,0.17394552747959863,42.46892015921602,209,False,translation-ambiguous,0.9425,23,3,0.018632104591006254,983.527375
weak-parallax-with-outliers,1450012,count-first,True,True,False,False,0.06340831117650697,25.044057479290036,212,False,not-requested,nan,0,0,nan,6067.272959
weak-parallax-with-outliers,1450012,msac-first,True,True,False,False,0.03870880738338284,68.56806649803134,195,False,not-requested,nan,0,0,nan,8988.613708
weak-parallax-with-outliers,1450012,decoupled-unguarded,True,True,True,True,0.00823209683829284,1.032441789101288,213,True,applied,0.9375,25,5,0.43673720103017083,7269.105542
weak-parallax-with-outliers,1450012,decoupled-guarded,True,True,True,True,0.00823209683829284,1.032441789101288,213,True,applied,0.9375,25,5,0.43673720103017083,4439.63475
weak-parallax-with-outliers,1450013,count-first,True,True,False,False,0.1360019353432247,114.21946735442472,202,False,not-requested,nan,0,0,nan,3041.755
weak-parallax-with-outliers,1450013,msac-first,True,True,False,False,0.029525589598334744,19.460444349427675,189,False,not-requested,nan,0,0,nan,1531.316333
weak-parallax-with-outliers,1450013,decoupled-unguarded,True,True,True,True,0.02461331931849916,0.6360744901655215,187,True,applied,0.935,26,6,0.39877259306114327,1218.872625
weak-parallax-with-outliers,1450013,decoupled-guarded,True,True,True,True,0.02461331931849916,0.6360744901655215,187,True,applied,0.935,26,6,0.39877259306114327,957.995583
weak-parallax-with-outliers,1450014,count-first,True,True,False,False,0.16166336321572458,66.8572113828681,203,False,not-requested,nan,0,0,nan,688.639125
weak-parallax-with-outliers,1450014,msac-first,True,True,False,False,0.03954531315431595,86.96479462534205,189,False,not-requested,nan,0,0,nan,800.614708
weak-parallax-with-outliers,1450014,decoupled-unguarded,True,True,True,True,0.005611474559721176,1.2494318957755584,198,True,applied,0.9375,25,5,0.04480712853635084,805.242958
weak-parallax-with-outliers,1450014,decoupled-guarded,True,False,False,False,0.16166336321572458,66.8572113828681,203,False,translation-ambiguous,0.9375,25,5,0.04480712853635084,773.15075
weak-parallax-with-outliers,1450015,count-first,True,True,False,False,0.11835751625735962,49.736819873665844,198,False,not-requested,nan,0,0,nan,727.668625
weak-parallax-with-outliers,1450015,msac-first,True,True,False,False,0.022052631807534494,26.306920654877786,191,False,not-requested,nan,0,0,nan,711.25025
weak-parallax-with-outliers,1450015,decoupled-unguarded,True,True,True,True,0.015615327762965998,1.423491287929341,192,True,applied,0.9375,25,5,0.3225100058279172,879.134375
weak-parallax-with-outliers,1450015,decoupled-guarded,True,True,True,True,0.015615327762965998,1.423491287929341,192,True,applied,0.9375,25,5,0.3225100058279172,834.830875
weak-parallax-with-outliers,1450016,count-first,True,True,False,False,0.05111136540372309,66.82084028369584,203,False,not-requested,nan,0,0,nan,6514.942459
weak-parallax-with-outliers,1450016,msac-first,True,True,False,False,0.05111136540372309,66.82084028369584,203,False,not-requested,nan,0,0,nan,7434.266625
weak-parallax-with-outliers,1450016,decoupled-unguarded,True,True,True,True,0.00925299444108317,0.8185155467901128,196,True,applied,0.935,26,5,0.46470719846414255,7695.32875
weak-parallax-with-outliers,1450016,decoupled-guarded,True,True,True,True,0.00925299444108317,0.8185155467901128,196,True,applied,0.935,26,5,0.46470719846414255,3914.003292
weak-parallax-with-outliers,1450017,count-first,True,True,False,False,0.20705714814714646,72.67139177054149,202,False,not-requested,nan,0,0,nan,3865.906709
weak-parallax-with-outliers,1450017,msac-first,True,True,False,False,0.0241878177353776,47.67367361754281,188,False,not-requested,nan,0,0,nan,2918.971042
weak-parallax-with-outliers,1450017,decoupled-unguarded,True,True,True,True,0.019808206601672432,0.28553972552475476,198,True,applied,0.9375,25,5,0.4277369328820893,1237.105792
weak-parallax-with-outliers,1450017,decoupled-guarded,True,True,True,True,0.019808206601672432,0.28553972552475476,198,True,applied,0.9375,25,5,0.4277369328820893,1066.173334
weak-parallax-with-outliers,1450018,count-first,True,True,False,False,0.12649062992080137,72.07760734049012,208,False,not-requested,nan,0,0,nan,838.001125
weak-parallax-with-outliers,1450018,msac-first,True,True,False,False,0.03300052280521894,86.75406257646303,192,False,not-requested,nan,0,0,nan,1185.305375
weak-parallax-with-outliers,1450018,decoupled-unguarded,True,True,False,False,0.02266833217581266,16.133196918199225,212,True,applied,0.94,24,6,0.059187898272497735,822.689625
weak-parallax-with-outliers,1450018,decoupled-guarded,True,False,False,False,0.12649062992080137,72.07760734049012,208,False,translation-ambiguous,0.94,24,6,0.059187898272497735,819.478416
weak-parallax-with-outliers,1450019,count-first,True,True,False,False,0.2650226425319084,63.746840623529785,200,False,not-requested,nan,0,0,nan,910.290959
weak-parallax-with-outliers,1450019,msac-first,True,True,False,False,0.06124465050148184,62.129517851152364,183,False,not-requested,nan,0,0,nan,1027.922959
weak-parallax-with-outliers,1450019,decoupled-unguarded,True,True,True,True,0.021550964923369626,0.541925212793652,196,True,applied,0.9325,27,8,0.38741581266827224,5473.122083
weak-parallax-with-outliers,1450019,decoupled-guarded,True,True,True,True,0.021550964923369626,0.541925212793652,196,True,applied,0.9325,27,8,0.38741581266827224,8348.932792
