pair_index,window_index,frame_index_in_window,variant,timestamp_1_s,timestamp_2_s,interval_s,reference_baseline_m,reference_rotation_deg,match_count,returned,accepted,num_inliers,consensus_refit_steps,decoupled_applied,decoupled_reason,runtime_ms,rotation_error_deg,translation_error_deg,translation_axis_error_deg
0,0,0,count-first,10006.006005,10006.206207,0.20020199999999022,0.3537419998711412,3.0770685032687406,544,True,True,484,0,False,not-requested,13437.232417,0.27139044428265896,3.9207671837377562,3.9207671837377562
0,0,0,count-first-refit,10006.006005,10006.206207,0.20020199999999022,0.3537419998711412,3.0770685032687406,544,True,True,484,6,False,not-requested,12135.040667,0.27139044428265896,3.9207671837377562,3.9207671837377562
0,0,0,msac-first,10006.006005,10006.206207,0.20020199999999022,0.3537419998711412,3.0770685032687406,544,True,True,481,0,False,not-requested,3417.127375,0.12445170337917985,2.9582327742914254,2.9582327742914254
0,0,0,msac-first-refit,10006.006005,10006.206207,0.20020199999999022,0.3537419998711412,3.0770685032687406,544,True,True,477,8,False,not-requested,2944.947209,0.10864204862719605,1.9482671305086143,1.9482671305086143
0,0,0,decoupled-guarded,10006.006005,10006.206207,0.20020199999999022,0.3537419998711412,3.0770685032687406,544,True,False,484,0,False,translation-ambiguous,3697.499834,0.27139044428265896,3.9207671837377562,3.9207671837377562
1,0,1,count-first,10006.206207,10006.406414,0.2002069999998639,0.43112055217632944,12.95370956871608,376,True,True,344,0,False,not-requested,6601.394167,0.4716054567692181,8.118053676303646,8.118053676303646
1,0,1,count-first-refit,10006.206207,10006.406414,0.2002069999998639,0.43112055217632944,12.95370956871608,376,True,True,344,12,False,not-requested,14434.957416,0.4716054567692181,8.118053676303646,8.118053676303646
1,0,1,msac-first,10006.206207,10006.406414,0.2002069999998639,0.43112055217632944,12.95370956871608,376,True,True,343,0,False,not-requested,15310.591875,0.5295816910752099,8.895089226237818,8.895089226237818
1,0,1,msac-first-refit,10006.206207,10006.406414,0.2002069999998639,0.43112055217632944,12.95370956871608,376,True,True,343,12,False,not-requested,3496.993833,0.5295816910752099,8.895089226237818,8.895089226237818
1,0,1,decoupled-guarded,10006.206207,10006.406414,0.2002069999998639,0.43112055217632944,12.95370956871608,376,True,False,344,0,False,translation-ambiguous,2889.077917,0.4716054567692181,8.118053676303646,8.118053676303646
2,0,2,count-first,10006.406414,10006.606615,0.20020100000147067,0.5687291017506078,22.689069224380926,284,True,True,252,0,False,not-requested,2300.592125,0.9802779093585764,5.585008763788449,5.585008763788449
2,0,2,count-first-refit,10006.406414,10006.606615,0.20020100000147067,0.5687291017506078,22.689069224380926,284,True,True,252,6,False,not-requested,3283.807916,0.9802779093585764,5.585008763788449,5.585008763788449
2,0,2,msac-first,10006.406414,10006.606615,0.20020100000147067,0.5687291017506078,22.689069224380926,284,True,True,248,0,False,not-requested,17230.895708,0.8747020917617325,3.3249644827575007,3.3249644827575007
2,0,2,msac-first-refit,10006.406414,10006.606615,0.20020100000147067,0.5687291017506078,22.689069224380926,284,True,True,248,5,False,not-requested,15601.946584,0.8533349672065331,3.488451392417556,3.488451392417556
2,0,2,decoupled-guarded,10006.406414,10006.606615,0.20020100000147067,0.5687291017506078,22.689069224380926,284,True,True,189,0,True,applied,8611.67825,1.8781942571951789,6.636619243487175,6.636619243487175
3,1,0,count-first,10020.020026,10020.22021,0.20018399999935355,0.4006860258486368,13.312866549917912,315,True,True,234,0,False,not-requested,2731.316375,0.7372060761330225,5.471151081931264,5.471151081931264
3,1,0,count-first-refit,10020.020026,10020.22021,0.20018399999935355,0.4006860258486368,13.312866549917912,315,True,True,234,6,False,not-requested,3242.850958,1.0967610018097533,7.832240176733152,7.832240176733152
3,1,0,msac-first,10020.020026,10020.22021,0.20018399999935355,0.4006860258486368,13.312866549917912,315,True,True,232,0,False,not-requested,2865.370292,1.1849225022074878,7.773333169326792,7.773333169326792
3,1,0,msac-first-refit,10020.020026,10020.22021,0.20018399999935355,0.4006860258486368,13.312866549917912,315,True,False,228,18,False,not-requested,3160.426084,0.26720908204129584,5.935746071543381,5.935746071543381
3,1,0,decoupled-guarded,10020.020026,10020.22021,0.20018399999935355,0.4006860258486368,13.312866549917912,315,True,False,234,0,False,translation-ambiguous,21212.470916,0.7372060761330225,5.471151081931264,5.471151081931264
4,1,1,count-first,10020.22021,10020.420411,0.20020099999965169,0.3663907345182033,6.853842297464501,367,True,True,294,0,False,not-requested,18003.436125,0.5793243005541511,4.039671547608155,4.039671547608155
4,1,1,count-first-refit,10020.22021,10020.420411,0.20020099999965169,0.3663907345182033,6.853842297464501,367,True,True,294,9,False,not-requested,8776.214875,0.5793243005541511,4.039671547608155,4.039671547608155
4,1,1,msac-first,10020.22021,10020.420411,0.20020099999965169,0.3663907345182033,6.853842297464501,367,True,True,278,0,False,not-requested,2862.251958,0.40386782679354233,1.8666587597084632,1.8666587597084632
4,1,1,msac-first-refit,10020.22021,10020.420411,0.20020099999965169,0.3663907345182033,6.853842297464501,367,True,True,278,8,False,not-requested,2781.917458,0.39846688158072524,2.124446061664437,2.124446061664437
4,1,1,decoupled-guarded,10020.22021,10020.420411,0.20020099999965169,0.3663907345182033,6.853842297464501,367,True,True,273,0,True,applied,4240.897917,1.132570741435939,1.711180068234734,1.711180068234734
5,1,2,count-first,10020.420411,10020.620613,0.20020199999999022,0.35012044807012815,6.445039851232456,263,True,False,187,0,False,not-requested,36589.400042,0.5651883429656179,18.009490169182886,18.009490169182886
5,1,2,count-first-refit,10020.420411,10020.620613,0.20020199999999022,0.35012044807012815,6.445039851232456,263,True,False,187,6,False,not-requested,5345.420167,0.5651883429656179,18.009490169182886,18.009490169182886
5,1,2,msac-first,10020.420411,10020.620613,0.20020199999999022,0.35012044807012815,6.445039851232456,263,True,True,175,0,False,not-requested,2876.737834,1.001417094096229,13.119811003419823,13.119811003419823
5,1,2,msac-first-refit,10020.420411,10020.620613,0.20020199999999022,0.35012044807012815,6.445039851232456,263,True,True,174,7,False,not-requested,4369.124125,0.9893798683043947,13.052810510802244,13.052810510802244
5,1,2,decoupled-guarded,10020.420411,10020.620613,0.20020199999999022,0.35012044807012815,6.445039851232456,263,True,False,187,0,False,translation-ambiguous,18554.653375,0.5651883429656179,18.009490169182886,18.009490169182886
6,2,0,count-first,10034.000646,10034.200848,0.20020199999999022,0.24492910684879587,18.124127475426445,514,True,True,473,0,False,not-requested,23910.0115,1.0236175029748416,10.348595297944312,10.348595297944312
6,2,0,count-first-refit,10034.000646,10034.200848,0.20020199999999022,0.24492910684879587,18.124127475426445,514,True,True,473,8,False,not-requested,5419.385041,1.0236175029748416,10.348595297944312,10.348595297944312
6,2,0,msac-first,10034.000646,10034.200848,0.20020199999999022,0.24492910684879587,18.124127475426445,514,True,True,459,0,False,not-requested,3232.873375,0.3232473891803026,6.298407987863882,6.298407987863882
6,2,0,msac-first-refit,10034.000646,10034.200848,0.20020199999999022,0.24492910684879587,18.124127475426445,514,True,True,459,7,False,not-requested,7148.710166,0.3232473891803026,6.298407987863882,6.298407987863882
6,2,0,decoupled-guarded,10034.000646,10034.200848,0.20020199999999022,0.24492910684879587,18.124127475426445,514,True,False,473,0,False,translation-ambiguous,38603.251917,1.0236175029748416,10.348595297944312,10.348595297944312
7,2,1,count-first,10034.200848,10034.40105,0.20020199999999022,0.3364024310357828,9.886548356896538,534,True,True,485,0,False,not-requested,3177.691834,0.26925258177093647,4.123360110358698,4.123360110358698
7,2,1,count-first-refit,10034.200848,10034.40105,0.20020199999999022,0.3364024310357828,9.886548356896538,534,True,True,485,10,False,not-requested,3457.720125,0.18497862309589433,3.631666858062396,3.631666858062396
7,2,1,msac-first,10034.200848,10034.40105,0.20020199999999022,0.3364024310357828,9.886548356896538,534,True,True,484,0,False,not-requested,3121.515959,0.26584324218019306,3.671393333156131,3.671393333156131
7,2,1,msac-first-refit,10034.200848,10034.40105,0.20020199999999022,0.3364024310357828,9.886548356896538,534,True,True,484,4,False,not-requested,3662.498833,0.26584324218019306,3.671393333156131,3.671393333156131
7,2,1,decoupled-guarded,10034.200848,10034.40105,0.20020199999999022,0.3364024310357828,9.886548356896538,534,True,False,485,0,False,translation-ambiguous,25143.628042,0.26925258177093647,4.123360110358698,4.123360110358698
8,2,2,count-first,10034.40105,10034.601257,0.2002069999998639,0.39710321486880434,3.094101768242104,551,True,True,510,0,False,not-requested,14336.440375,0.9994784447665289,8.511235050729267,8.511235050729267
8,2,2,count-first-refit,10034.40105,10034.601257,0.2002069999998639,0.39710321486880434,3.094101768242104,551,True,True,510,8,False,not-requested,4002.528834,0.9994784447665289,8.511235050729267,8.511235050729267
8,2,2,msac-first,10034.40105,10034.601257,0.2002069999998639,0.39710321486880434,3.094101768242104,551,True,True,501,0,False,not-requested,2809.914625,0.5149157174312657,5.30551489007615,5.30551489007615
8,2,2,msac-first-refit,10034.40105,10034.601257,0.2002069999998639,0.39710321486880434,3.094101768242104,551,True,True,502,9,False,not-requested,3265.73475,0.34809503682328197,4.284122546727794,4.284122546727794
8,2,2,decoupled-guarded,10034.40105,10034.601257,0.2002069999998639,0.39710321486880434,3.094101768242104,551,True,False,510,0,False,translation-ambiguous,4623.296125,0.9994784447665289,8.511235050729267,8.511235050729267
9,3,0,count-first,10048.014636,10048.21484,0.2002040000006673,0.30557791260339573,10.392957642771039,264,True,True,201,0,False,not-requested,33121.563833,0.16393096930922696,0.5452998339697464,0.5452998339697464
9,3,0,count-first-refit,10048.014636,10048.21484,0.2002040000006673,0.30557791260339573,10.392957642771039,264,True,True,201,4,False,not-requested,6082.453708,0.16393096930922696,0.5452998339697464,0.5452998339697464
9,3,0,msac-first,10048.014636,10048.21484,0.2002040000006673,0.30557791260339573,10.392957642771039,264,True,True,200,0,False,not-requested,2639.716584,0.15296518132709505,0.5973555036937,0.5973555036937
9,3,0,msac-first-refit,10048.014636,10048.21484,0.2002040000006673,0.30557791260339573,10.392957642771039,264,True,True,199,14,False,not-requested,3250.270666,0.14324331943663038,0.5365349640870873,0.5365349640870873
9,3,0,decoupled-guarded,10048.014636,10048.21484,0.2002040000006673,0.30557791260339573,10.392957642771039,264,True,True,201,0,False,rotation-model-inapplicable,2727.807625,0.16393096930922696,0.5452998339697464,0.5452998339697464
10,3,1,count-first,10048.21484,10048.415044,0.2002039999988483,0.270622942541262,16.90576447656977,248,True,True,203,0,False,not-requested,13107.70075,0.3110092370411074,1.1074221779095732,1.1074221779095732
10,3,1,count-first-refit,10048.21484,10048.415044,0.2002039999988483,0.270622942541262,16.90576447656977,248,True,True,203,6,False,not-requested,64033.63425,0.3114114380264076,1.110414493478224,1.110414493478224
10,3,1,msac-first,10048.21484,10048.415044,0.2002039999988483,0.270622942541262,16.90576447656977,248,True,True,203,0,False,not-requested,49305.338167,0.2916419281928407,0.8895667256559017,0.8895667256559017
10,3,1,msac-first-refit,10048.21484,10048.415044,0.2002039999988483,0.270622942541262,16.90576447656977,248,True,True,203,2,False,not-requested,27088.553,0.2916419281928407,0.8895667256559017,0.8895667256559017
10,3,1,decoupled-guarded,10048.21484,10048.415044,0.2002039999988483,0.270622942541262,16.90576447656977,248,True,True,203,0,False,rotation-model-inapplicable,50291.4245,0.3110092370411074,1.1074221779095732,1.1074221779095732
11,3,2,count-first,10048.415044,10048.615247,0.20020300000032876,0.21871689885084722,13.348157887552997,290,True,True,244,0,False,not-requested,69893.6115,0.26898897515347137,1.488449130210762,1.488449130210762
11,3,2,count-first-refit,10048.415044,10048.615247,0.20020300000032876,0.21871689885084722,13.348157887552997,290,True,True,244,6,False,not-requested,54108.546416,0.26898897515347137,1.488449130210762,1.488449130210762
11,3,2,msac-first,10048.415044,10048.615247,0.20020300000032876,0.21871689885084722,13.348157887552997,290,True,True,237,0,False,not-requested,44129.752709,0.4244252105616058,3.5523625148715086,3.5523625148715086
11,3,2,msac-first-refit,10048.415044,10048.615247,0.20020300000032876,0.21871689885084722,13.348157887552997,290,True,True,238,7,False,not-requested,42055.966959,0.35360270317250725,2.921846774111433,2.921846774111433
11,3,2,decoupled-guarded,10048.415044,10048.615247,0.20020300000032876,0.21871689885084722,13.348157887552997,290,True,True,244,0,False,rotation-model-inapplicable,16455.547209,0.26898897515347137,1.488449130210762,1.488449130210762
12,4,0,count-first,10062.028643,10062.228845,0.20020199999999022,0.02453638281392399,15.560354963397446,197,True,False,174,0,False,not-requested,38391.256042,0.9745234247786754,82.86104887512074,82.86104887512074
12,4,0,count-first-refit,10062.028643,10062.228845,0.20020199999999022,0.02453638281392399,15.560354963397446,197,True,False,174,6,False,not-requested,43246.910167,0.9745234247786754,82.86104887512074,82.86104887512074
12,4,0,msac-first,10062.028643,10062.228845,0.20020199999999022,0.02453638281392399,15.560354963397446,197,True,False,165,0,False,not-requested,56989.127541,0.2679893083635776,20.55410185209292,20.55410185209292
12,4,0,msac-first-refit,10062.028643,10062.228845,0.20020199999999022,0.02453638281392399,15.560354963397446,197,True,False,165,2,False,not-requested,48203.905458,0.2679893083635776,20.55410185209292,20.55410185209292
12,4,0,decoupled-guarded,10062.028643,10062.228845,0.20020199999999022,0.02453638281392399,15.560354963397446,197,True,False,174,0,False,translation-ambiguous,43054.658042,0.9745234247786754,82.86104887512074,82.86104887512074
13,4,1,count-first,10062.228845,10062.429046,0.20020099999965169,0.04452078499657008,16.640200251701675,157,True,False,125,0,False,not-requested,36506.524667,0.774263746160152,17.16639739820579,17.16639739820579
13,4,1,count-first-refit,10062.228845,10062.429046,0.20020099999965169,0.04452078499657008,16.640200251701675,157,True,False,125,6,False,not-requested,35294.908875,0.774263746160152,17.16639739820579,17.16639739820579
13,4,1,msac-first,10062.228845,10062.429046,0.20020099999965169,0.04452078499657008,16.640200251701675,157,True,True,124,0,False,not-requested,12090.768792,0.36399526609016736,10.430371688336878,10.430371688336878
13,4,1,msac-first-refit,10062.228845,10062.429046,0.20020099999965169,0.04452078499657008,16.640200251701675,157,True,True,124,7,False,not-requested,4689.225792,0.29282293496363965,9.511471923879519,9.511471923879519
13,4,1,decoupled-guarded,10062.228845,10062.429046,0.20020099999965169,0.04452078499657008,16.640200251701675,157,True,False,125,0,False,translation-ambiguous,21849.864084,0.774263746160152,17.16639739820579,17.16639739820579
14,4,2,count-first,10062.429046,10062.629247,0.20020100000147067,0.07408990324730541,17.229510145968543,153,True,True,135,0,False,not-requested,15493.741833,0.5649815483373658,8.450687250656872,8.450687250656872
14,4,2,count-first-refit,10062.429046,10062.629247,0.20020100000147067,0.07408990324730541,17.229510145968543,153,True,True,135,5,False,not-requested,3753.232458,0.6007285346218699,9.165209283144927,9.165209283144927
14,4,2,msac-first,10062.429046,10062.629247,0.20020100000147067,0.07408990324730541,17.229510145968543,153,True,True,132,0,False,not-requested,30152.536709,0.46958587888129294,7.169990012042823,7.169990012042823
14,4,2,msac-first-refit,10062.429046,10062.629247,0.20020100000147067,0.07408990324730541,17.229510145968543,153,True,True,132,6,False,not-requested,6941.654708,0.43665013660844826,7.382850657684422,7.382850657684422
14,4,2,decoupled-guarded,10062.429046,10062.629247,0.20020100000147067,0.07408990324730541,17.229510145968543,153,True,False,135,0,False,translation-ambiguous,27053.654584,0.5649815483373658,8.450687250656872,8.450687250656872
15,5,0,count-first,10076.009308,10076.209494,0.20018600000003062,0.25178465703707315,21.23948410224673,361,True,True,308,0,False,not-requested,11897.477292,0.8453398451098354,8.341582547070853,8.341582547070853
15,5,0,count-first-refit,10076.009308,10076.209494,0.20018600000003062,0.25178465703707315,21.23948410224673,361,True,True,309,9,False,not-requested,4890.53425,0.8434558720319912,9.377025223896268,9.377025223896268
15,5,0,msac-first,10076.009308,10076.209494,0.20018600000003062,0.25178465703707315,21.23948410224673,361,True,True,306,0,False,not-requested,14710.57175,1.0115739881422996,12.200322127995356,12.200322127995356
15,5,0,msac-first-refit,10076.009308,10076.209494,0.20018600000003062,0.25178465703707315,21.23948410224673,361,True,True,309,9,False,not-requested,32178.205083,0.8935308179637678,10.86696663877158,10.86696663877158
15,5,0,decoupled-guarded,10076.009308,10076.209494,0.20018600000003062,0.25178465703707315,21.23948410224673,361,True,False,190,0,True,applied,45269.054708,1.8865499430942982,10.464558461125772,10.464558461125772
16,5,1,count-first,10076.209494,10076.409679,0.20018499999969208,0.2468488283528265,16.066509367721284,388,True,False,345,0,False,not-requested,80206.74825,1.596172904042971,23.27627929350824,23.27627929350824
16,5,1,count-first-refit,10076.209494,10076.409679,0.20018499999969208,0.2468488283528265,16.066509367721284,388,True,False,345,6,False,not-requested,48279.945875,1.596172904042971,23.27627929350824,23.27627929350824
16,5,1,msac-first,10076.209494,10076.409679,0.20018499999969208,0.2468488283528265,16.066509367721284,388,True,False,333,0,False,not-requested,30252.1695,1.7731648840557717,16.25287456095311,16.25287456095311
16,5,1,msac-first-refit,10076.209494,10076.409679,0.20018499999969208,0.2468488283528265,16.066509367721284,388,True,False,333,8,False,not-requested,6986.536875,1.7731648840557717,16.25287456095311,16.25287456095311
16,5,1,decoupled-guarded,10076.209494,10076.409679,0.20018499999969208,0.2468488283528265,16.066509367721284,388,True,False,345,0,False,translation-ambiguous,26831.638042,1.596172904042971,23.27627929350824,23.27627929350824
17,5,2,count-first,10076.409679,10076.609878,0.2001989999989746,0.36702610335935054,26.087266759387738,222,True,False,166,0,False,not-requested,24211.480291,1.2966747018796276,4.693202877457537,4.693202877457537
17,5,2,count-first-refit,10076.409679,10076.609878,0.2001989999989746,0.36702610335935054,26.087266759387738,222,True,False,166,4,False,not-requested,6476.986459,1.2966747018796276,4.693202877457537,4.693202877457537
17,5,2,msac-first,10076.409679,10076.609878,0.2001989999989746,0.36702610335935054,26.087266759387738,222,True,True,165,0,False,not-requested,3686.923583,1.060765121077337,4.464876284131438,4.464876284131438
17,5,2,msac-first-refit,10076.409679,10076.609878,0.2001989999989746,0.36702610335935054,26.087266759387738,222,True,True,164,11,False,not-requested,4120.179041,0.5030402286332215,3.501788007292464,3.501788007292464
17,5,2,decoupled-guarded,10076.409679,10076.609878,0.2001989999989746,0.36702610335935054,26.087266759387738,222,True,False,166,0,False,translation-ambiguous,38212.511083,1.2966747018796276,4.693202877457537,4.693202877457537
